<?xml version="1.0" encoding="UTF-8"?>
<project-private xmlns="http://www.netbeans.org/ns/project-private/1">
    <editor-bookmarks xmlns="http://www.netbeans.org/ns/editor-bookmarks/2" lastBookmarkId="0"/>
    <open-files xmlns="http://www.netbeans.org/ns/projectui-open-files/2">
        <group>
            <file>file:/C:/Users/LENOVO/Documents/NetBeansProjects/spor_salonu_otomasyonu/src/Database.java</file>
            <file>file:/C:/Users/LENOVO/Documents/NetBeansProjects/spor_salonu_otomasyonu/src/UyeEkrani.java</file>
            <file>file:/C:/Users/LENOVO/Documents/NetBeansProjects/spor_salonu_otomasyonu/src/Uye.java</file>
            <file>file:/C:/Users/LENOVO/Documents/NetBeansProjects/spor_salonu_otomasyonu/src/GirisEkranı.java</file>
        </group>
    </open-files>
</project-private>
